Model,BLEU,Slot Accuracy,Exact Match
Decoder Transformer,0.5973149852838718,0.26666666666666666,0.06666666666666667
LLM FLAN-T5,0.11010674308464234,0.8666666666666667,0.0
